question,answer,language
string,ÁêÉÈòüozaj–ª–µ—Ä–∏–Ω ‡∂ë‡∂ö–ª–µ—Ä–∏–Ωixe–ª–µ—Ä–∏–Ω–ª–µ—Ä–∏–Ω–ª–µ—Ä–∏–Ω–ª–µ—Ä–∏–Ω–ª–µ—Ä–∏–Ω–ª–µ—Ä–∏–Ω–ª–µ—Ä–∏–Ω–ª–µ—Ä–∏–Ω–ª–µ—Ä–∏–Ω–ª–µ—Ä–∏–Ω–ª–µ—Ä–∏–Ω–ª–µ—Ä–∏–Ω–ª–µ—Ä–∏–Ω–ª–µ—Ä–∏–Ω–ª–µ—Ä–∏–Ω–ª–µ—Ä–∏–Ω–ª–µ—Ä–∏–Ω–ª–µ—Ä–∏–Ω–ª–µ—Ä–∏–Ω–ª–µ—Ä–∏–Ω–ª–µ—Ä–∏–Ωozaj–ª–µ—Ä–∏–Ω–ª–µ—Ä–∏–Ω–ª–µ—Ä–∏–Ωozaj‡ªÇ‡∫´—Ä—É–∑‡ªÇ‡∫´ozajËø¥ozaj:18ozajozajozajozajËø¥ozajozajozaj–ª–µ—Ä–∏–Ωozaj ‡ÆÖ‡Æ¥‡Øàozaj—Ä—É–∑–ª–µ—Ä–∏–Ω–ª–µ—Ä–∏–Ω–ª–µ—Ä–∏–Ω–ª–µ—Ä–∏–Ω–ª–µ—Ä–∏–Ω–ª–µ—Ä–∏–Ω–ª–µ—Ä–∏–Ωozajolela–ª–µ—Ä–∏–Ω–ª–µ—Ä–∏–Ω–ª–µ—Ä–∏–Ω–ª–µ—Ä–∏–Ωozaj–µ—Ä—ãozajozaj:0;-ozaj‡ªÇ‡∫´ozajozajozajozajozajozajozajozajozajozajozajozajozajozajozajozajozajozajozajozajozajozajozajozajozajozajozajozajozajozajozajozajozajozajozajozajozajozajozajozajozajozajozajozajozajozajozajozajozajozajozajozajozajozajozaj,id
kapan gajian,ÁêÉÈòüozaj–ª–µ—Ä–∏–ΩozajozajozajozajozajƒÉng–ª–µ—Ä–∏–Ωozaj–ª–µ—Ä–∏–Ωozaj–ª–µ—Ä–∏–Ω–ª–µ—Ä–∏–Ωozaj–ª–µ—Ä–∏–Ω–ª–µ—Ä–∏–Ω–ª–µ—Ä–∏–Ω–ª–µ—Ä–∏–Ω–ª–µ—Ä–∏–Ω–ª–µ—Ä–∏–Ω–ª–µ—Ä–∏–Ω–ª–µ—Ä–∏–Ω–ª–µ—Ä–∏–Ω–ª–µ—Ä–∏–Ω–ª–µ—Ä–∏–Ω–ª–µ—Ä–∏–Ω–ª–µ—Ä–∏–Ω–ª–µ—Ä–∏–Ω–ª–µ—Ä–∏–Ω–ª–µ—Ä–∏–Ω–ª–µ—Ä–∏–Ω–ª–µ—Ä–∏–Ω–ª–µ—Ä–∏–Ω–ª–µ—Ä–∏–Ω–ª–µ—Ä–∏–Ω–ª–µ—Ä–∏–Ω–ª–µ—Ä–∏–Ω–ª–µ—Ä–∏–Ω–ª–µ—Ä–∏–Ω–ª–µ—Ä–∏–Ω–ª–µ—Ä–∏–Ω–ª–µ—Ä–∏–Ω–ª–µ—Ä–∏–Ω–ª–µ—Ä–∏–Ω–ª–µ—Ä–∏–Ω–ª–µ—Ä–∏–Ω–ª–µ—Ä–∏–Ω–ª–µ—Ä–∏–Ω–ª–µ—Ä–∏–Ω–ª–µ—Ä–∏–Ω–ª–µ—Ä–∏–Ω–ª–µ—Ä–∏–Ω–ª–µ—Ä–∏–Ω–ª–µ—Ä–∏–Ω–ª–µ—Ä–∏–Ω–ª–µ—Ä–∏–Ω–ª–µ—Ä–∏–Ω–ª–µ—Ä–∏–Ω–ª–µ—Ä–∏–Ω–ª–µ—Ä–∏–Ω–ª–µ—Ä–∏–Ω–ª–µ—Ä–∏–Ω–ª–µ—Ä–∏–Ω–ª–µ—Ä–∏–Ω–ª–µ—Ä–∏–Ω–ª–µ—Ä–∏–Ω–ª–µ—Ä–∏–Ω–ª–µ—Ä–∏–Ω–ª–µ—Ä–∏–Ω–ª–µ—Ä–∏–Ω–ª–µ—Ä–∏–Ω–ª–µ—Ä–∏–Ω–ª–µ—Ä–∏–Ω–ª–µ—Ä–∏–Ω–ª–µ—Ä–∏–Ω–ª–µ—Ä–∏–Ω–ª–µ—Ä–∏–Ω–ª–µ—Ä–∏–Ω–ª–µ—Ä–∏–Ω–ª–µ—Ä–∏–Ω–ª–µ—Ä–∏–Ω–ª–µ—Ä–∏–Ω–ª–µ—Ä–∏–Ω–ª–µ—Ä–∏–Ω–ª–µ—Ä–∏–Ω–ª–µ—Ä–∏–Ω–ª–µ—Ä–∏–Ω–ª–µ—Ä–∏–Ω–ª–µ—Ä–∏–Ω–ª–µ—Ä–∏–Ω–ª–µ—Ä–∏–Ω–ª–µ—Ä–∏–Ω–ª–µ—Ä–∏–Ω–ª–µ—Ä–∏–Ω–ª–µ—Ä–∏–Ω–ª–µ—Ä–∏–Ω–ª–µ—Ä–∏–Ω–ª–µ—Ä–∏–Ω–ª–µ—Ä–∏–Ω–ª–µ—Ä–∏–Ω–ª–µ—Ä–∏–Ω–ª–µ—Ä–∏–Ω–ª–µ—Ä–∏–Ω–ª–µ—Ä–∏–Ω–ª–µ—Ä–∏–Ω–ª–µ—Ä–∏–Ω–ª–µ—Ä–∏–Ω–ª–µ—Ä–∏–Ω–ª–µ—Ä–∏–Ω–ª–µ—Ä–∏–Ω–ª–µ—Ä–∏–Ωozaj–ª–µ—Ä–∏–Ω–ª–µ—Ä–∏–Ω–ª–µ—Ä–∏–Ω–ª–µ—Ä–∏–Ω–ª–µ—Ä–∏–Ω–ª–µ—Ä–∏–Ωozaj–ª–µ—Ä–∏–Ωozajozajozaj–ª–µ—Ä–∏–Ω–ª–µ—Ä–∏–Ω,id
string,Jumlah hari kerja Pekerja bekerja (hari libur tidak dihitung) / Pembagi hari kerja X Gaji Pokok,id
Kapan gajian,Jumlah hari kerja Pekerja bekerja (hari libur tidak dihitung) / Pembagi hari kerja X Gaji Pokok,id
masih ngak nyambung,Jumlah hari kerja Pekerja bekerja (hari libur tidak dihitung) / Pembagi hari kerja X Gaji Pokok,id
string,Data FAQ tidak tersedia. Mohon coba lagi nanti.,id
kapan gajian,Data FAQ tidak tersedia. Mohon coba lagi nanti.,id
Tanggal berapa gajian dimodena?,Data FAQ tidak tersedia. Mohon coba lagi nanti.,id
string,"Maaf, saya belum menemukan jawaban yang sesuai. Silakan hubungi tim HRD.",id
Kapan Gajian,"Maaf, saya belum menemukan jawaban yang sesuai. Silakan hubungi tim HRD.",id
string,"Maaf, saya belum menemukan jawaban yang sesuai. Silakan hubungi tim HRD.",id
Tanggal berapa gajian,–≥–µ–ª profesi–≥–µ–ª–≥–µ–ª Odo–≥–µ–ª Odo–≥–µ–ª Odo Odo ‡™®‡™ø‡™∞–≥–µ–ª ‡™®‡™ø‡™∞ÈÄ≤„ÇÅ‡§ö‡§æ‡§≤‡§ö‡§æ‡§≤–≥–µ–ª –†—û ‡™®‡™ø‡™∞ÂÖÖË∂≥–∑üèï–≥–µ–ªüèï bibe–≥–µ–ª–≥–µ–ªüèï bibe–≥–µ–ªüèïAGER–≥–µ–ª–≥–µ–ª–≥–µ–ª Odo–≥–µ–ª–≥–µ–ª–≥–µ–ª3.79–≥–µ–ª Odo–≥–µ–ª–≥–µ–ªüèï bibe–≥–µ–ª–≥–µ–ª–≥–µ–ª–≥–µ–ªüèï–≥–µ–ª–≥–µ–ªüèï–≥–µ–ª–≥–µ–ª bibeÎ∑®–≥–µ–ª–≥–µ–ª–≥–µ–ª–≥–µ–ª Odo–≥–µ–ª–≥–µ–ª–≥–µ–ª Odo–≥–µ–ª–≥–µ–ª–≥–µ–ª Odo–≥–µ–ª–≥–µ–ª–≥–µ–ª Odo–≥–µ–ª–≥–µ–ª–≥–µ–ª–≥–µ–ª Odo–≥–µ–ª–≥–µ–ª–≥–µ–ª–≥–µ–ª Odo–≥–µ–ª–≥–µ–ª–≥–µ–ª–≥–µ–ª–≥–µ–ª–≥–µ–ª–≥–µ–ª Odo–≥–µ–ª–≥–µ–ª–≥–µ–ª–≥–µ–ª–≥–µ–ª–≥–µ–ª–≥–µ–ª–≥–µ–ª Odo–≥–µ–ª–≥–µ–ª–≥–µ–ª–≥–µ–ª–≥–µ–ª–≥–µ–ª–≥–µ–ª–≥–µ–ª–≥–µ–ª–≥–µ–ª Odo–≥–µ–ª–≥–µ–ª–≥–µ–ª–≥–µ–ªÎ∑®Î∑® –†—ûBidrag◊ê◊íüèï–≥–µ–ª‡¥∏‡µç‡¥•‡¥ø‡¥§‡¥ø‡¥∏‡µç‡¥•‡¥ø‡¥§‡¥ø…ôy…ôn,id
Salary date,"Maaf, saya belum menemukan jawaban yang sesuai. Silakan hubungi tim HRD.",en
Salary date,"Maaf, saya belum menemukan jawaban yang sesuai. Silakan hubungi tim HRD.",id
benefit,"Maaf, saya belum menemukan jawaban yang sesuai. Silakan hubungi tim HRD.",id
tanggal berapa gajian?,–≥–µ–ª–≥–µ–ª –†—û·É•·Éê·É†–≥–µ–ª–≥–µ–ª–≥–µ–ª –†—û –†—ûv√™rka Aktions–≥–µ–ª –†—û –¥–≤–∏–∂–µ3415 –†—û –ú—ã –ú—ã –†—û ‡™®‡™ø‡™∞ÿ≤Ÿàÿ±–ù–§Â•ó–ù–§–≥–µ–ª –†—û–∑ ‡™®‡™ø‡™∞ –†—û –†—û ‡™®‡™ø‡™∞ –†—û –†—û ‡™®‡™ø‡™∞ –†—û –†—û ‡™®‡™ø‡™∞ÿ≤Ÿàÿ±Âáè–≥–µ–ª bibekon≈°tru–ù–§ Odo–≥–µ–ªÿ≤Ÿàÿ±ÿ≤Ÿàÿ±ÿ≤Ÿàÿ±ÿ≤Ÿàÿ±ÿ≤Ÿàÿ±ÿ≤Ÿàÿ±ÿ≤Ÿàÿ±ÿ≤Ÿàÿ±ÿ≤Ÿàÿ±ÿ≤Ÿàÿ±ÿ≤Ÿàÿ±ÿ≤Ÿàÿ±ÿ≤Ÿàÿ±ÿ≤Ÿàÿ±ÿ≤Ÿàÿ±ÿ≤Ÿàÿ±ÿ≤Ÿàÿ±ÿ≤Ÿàÿ±ÿ≤Ÿàÿ±ÿ≤Ÿàÿ±ÿ≤Ÿàÿ±ÿ≤Ÿàÿ±ÿ≤Ÿàÿ±ÿ≤Ÿàÿ±ÿ≤Ÿàÿ±ÿ≤Ÿàÿ±ÿ≤Ÿàÿ±ÿ≤Ÿàÿ±ÿ≤Ÿàÿ±ÿ≤Ÿàÿ±–≥–µ–ªlecci√≥ Odolecci√≥–≥–µ–ª–≥–µ–ª–≥–µ–ª–≥–µ–ª–≥–µ–ª–≥–µ–ª–≥–µ–ª–≥–µ–ª–≥–µ–ª–≥–µ–ª–≥–µ–ª–≥–µ–ª–≥–µ–ª–≥–µ–ªÿ≤Ÿàÿ±ÿ≤Ÿàÿ±ÿ≤Ÿàÿ±–≥–µ–ª–≥–µ–ª–≥–µ–ª–≥–µ–ª–≥–µ–ª–≥–µ–ª–≥–µ–ªÿ≤Ÿàÿ±ÿ≤Ÿàÿ±ÿ≤Ÿàÿ±–≥–µ–ª–≥–µ–ª–≥–µ–ª–≥–µ–ª–≥–µ–ªÿ≤Ÿàÿ±ÿ≤Ÿàÿ±–≥–µ–ª–≥–µ–ª–≥–µ–ª–≥–µ–ª–≥–µ–ª–≥–µ–ª–≥–µ–ª–≥–µ–ª–≥–µ–ª–≥–µ–ª–≥–µ–ª–≥–µ–ª–≥–µ–ª,id
Apa itu HR?,"Maaf, saya belum menemukan jawaban yang sesuai. Silakan hubungi tim HRD.",id
string,"Maaf, saya belum menemukan jawaban yang sesuai. Silakan hubungi tim HRD.",id
Tanggal gajian,"Maaf, saya belum menemukan jawaban yang sesuai. Silakan hubungi tim HRD.",id
cut off payroll,"Maaf, saya belum menemukan jawaban yang sesuai. Silakan hubungi tim HRD.",id
Tanggal berapa cut off payroll?,bonan–æ—Å–∞–ºbonanüèä ‡∞®‡±Ü‡∞≤ÈòøÈáåÂ∑¥Â∑¥ ‡∞®‡±Ü‡∞≤üèä ‡∞®‡±Ü‡∞≤ ‡∞®‡±Ü‡∞≤ ‡∞®‡±Ü‡∞≤ ‡∞®‡±Ü‡∞≤ ‡∞®‡±Ü‡∞≤ ‡∞®‡±Ü‡∞≤ ‡∞®‡±Ü‡∞≤ ‡∞®‡±Ü‡∞≤ ‡∞®‡±Ü‡∞≤ ‡∞®‡±Ü‡∞≤ ‡∞®‡±Ü‡∞≤ ‡∞®‡±Ü‡∞≤ ‡∞®‡±Ü‡∞≤ ‡∞®‡±Ü‡∞≤ ‡∞®‡±Ü‡∞≤ ‡∞®‡±Ü‡∞≤ ‡∞®‡±Ü‡∞≤ ‡∞®‡±Ü‡∞≤ ‡∞®‡±Ü‡∞≤ ‡∞®‡±Ü‡∞≤ ‡∞®‡±Ü‡∞≤ ‡∞®‡±Ü‡∞≤ ‡∞®‡±Ü‡∞≤ ‡∞®‡±Ü‡∞≤ ‡∞®‡±Ü‡∞≤ ‡∞®‡±Ü‡∞≤ ‡∞®‡±Ü‡∞≤ ‡∞®‡±Ü‡∞≤ ‡∞®‡±Ü‡∞≤ ‡∞®‡±Ü‡∞≤ ‡∞®‡±Ü‡∞≤ ‡∞®‡±Ü‡∞≤ ‡∞®‡±Ü‡∞≤ ‡∞®‡±Ü‡∞≤ ‡∞®‡±Ü‡∞≤ ‡∞®‡±Ü‡∞≤ ‡∞®‡±Ü‡∞≤ ‡∞®‡±Ü‡∞≤ ‡∞®‡±Ü‡∞≤ ‡∞®‡±Ü‡∞≤ ‡∞®‡±Ü‡∞≤ ‡∞®‡±Ü‡∞≤ ‡∞®‡±Ü‡∞≤ ‡∞®‡±Ü‡∞≤ ‡∞®‡±Ü‡∞≤ ‡∞®‡±Ü‡∞≤ ‡∞®‡±Ü‡∞≤ ‡∞®‡±Ü‡∞≤ ‡∞®‡±Ü‡∞≤ ‡∞®‡±Ü‡∞≤ ‡∞®‡±Ü‡∞≤ ‡∞®‡±Ü‡∞≤ ‡∞®‡±Ü‡∞≤ ‡∞®‡±Ü‡∞≤ ‡∞®‡±Ü‡∞≤ ‡∞®‡±Ü‡∞≤ ‡∞®‡±Ü‡∞≤ ‡∞®‡±Ü‡∞≤ ‡∞®‡±Ü‡∞≤ ‡∞®‡±Ü‡∞≤ ‡∞®‡±Ü‡∞≤ ‡∞®‡±Ü‡∞≤ ‡∞®‡±Ü‡∞≤ ‡∞®‡±Ü‡∞≤ ‡∞®‡±Ü‡∞≤ ‡∞®‡±Ü‡∞≤ ‡∞®‡±Ü‡∞≤ ‡∞®‡±Ü‡∞≤ ‡∞®‡±Ü‡∞≤ ‡∞®‡±Ü‡∞≤ ‡∞®‡±Ü‡∞≤ ‡∞®‡±Ü‡∞≤ ‡∞®‡±Ü‡∞≤ ‡∞®‡±Ü‡∞≤ ‡∞®‡±Ü‡∞≤ ‡∞®‡±Ü‡∞≤ ‡∞®‡±Ü‡∞≤ ‡∞®‡±Ü‡∞≤ ‡∞®‡±Ü‡∞≤ ‡∞®‡±Ü‡∞≤ ‡∞®‡±Ü‡∞≤ ‡∞®‡±Ü‡∞≤ ‡∞®‡±Ü‡∞≤ ‡∞®‡±Ü‡∞≤ ‡∞®‡±Ü‡∞≤ ‡∞®‡±Ü‡∞≤ ‡∞®‡±Ü‡∞≤ ‡∞®‡±Ü‡∞≤ ‡∞®‡±Ü‡∞≤ ‡∞®‡±Ü‡∞≤ ‡∞®‡±Ü‡∞≤ ‡∞®‡±Ü‡∞≤ ‡∞®‡±Ü‡∞≤ ‡∞®‡±Ü‡∞≤ ‡∞®‡±Ü‡∞≤ ‡∞®‡±Ü‡∞≤ ‡∞®‡±Ü‡∞≤ ‡∞®‡±Ü‡∞≤ ‡∞®‡±Ü‡∞≤ ‡∞®‡±Ü‡∞≤ ‡∞®‡±Ü‡∞≤ ‡∞®‡±Ü‡∞≤ ‡∞®‡±Ü‡∞≤ ‡∞®‡±Ü‡∞≤ ‡∞®‡±Ü‡∞≤ ‡∞®‡±Ü‡∞≤ ‡∞®‡±Ü‡∞≤ ‡∞®‡±Ü‡∞≤’∏÷Ç’Ω’°’∂444paghettipaghetti66999paghetti’∏÷Ç’Ω’°’∂plasspaghettibonan OPERA,id
Tanggal berapa cut off payroll?,bonan–æ—Å–∞–ºbonanüèä ‡∞®‡±Ü‡∞≤ÈòøÈáåÂ∑¥Â∑¥ ‡∞®‡±Ü‡∞≤üèä ‡∞®‡±Ü‡∞≤ ‡∞®‡±Ü‡∞≤ ‡∞®‡±Ü‡∞≤ ‡∞®‡±Ü‡∞≤ ‡∞®‡±Ü‡∞≤ ‡∞®‡±Ü‡∞≤ ‡∞®‡±Ü‡∞≤ ‡∞®‡±Ü‡∞≤ ‡∞®‡±Ü‡∞≤ ‡∞®‡±Ü‡∞≤ ‡∞®‡±Ü‡∞≤ ‡∞®‡±Ü‡∞≤ ‡∞®‡±Ü‡∞≤ ‡∞®‡±Ü‡∞≤ ‡∞®‡±Ü‡∞≤ ‡∞®‡±Ü‡∞≤ ‡∞®‡±Ü‡∞≤ ‡∞®‡±Ü‡∞≤ ‡∞®‡±Ü‡∞≤ ‡∞®‡±Ü‡∞≤ ‡∞®‡±Ü‡∞≤ ‡∞®‡±Ü‡∞≤ ‡∞®‡±Ü‡∞≤ ‡∞®‡±Ü‡∞≤ ‡∞®‡±Ü‡∞≤ ‡∞®‡±Ü‡∞≤ ‡∞®‡±Ü‡∞≤ ‡∞®‡±Ü‡∞≤ ‡∞®‡±Ü‡∞≤ ‡∞®‡±Ü‡∞≤ ‡∞®‡±Ü‡∞≤ ‡∞®‡±Ü‡∞≤ ‡∞®‡±Ü‡∞≤ ‡∞®‡±Ü‡∞≤ ‡∞®‡±Ü‡∞≤ ‡∞®‡±Ü‡∞≤ ‡∞®‡±Ü‡∞≤ ‡∞®‡±Ü‡∞≤ ‡∞®‡±Ü‡∞≤ ‡∞®‡±Ü‡∞≤ ‡∞®‡±Ü‡∞≤ ‡∞®‡±Ü‡∞≤ ‡∞®‡±Ü‡∞≤ ‡∞®‡±Ü‡∞≤ ‡∞®‡±Ü‡∞≤ ‡∞®‡±Ü‡∞≤ ‡∞®‡±Ü‡∞≤ ‡∞®‡±Ü‡∞≤ ‡∞®‡±Ü‡∞≤ ‡∞®‡±Ü‡∞≤ ‡∞®‡±Ü‡∞≤ ‡∞®‡±Ü‡∞≤ ‡∞®‡±Ü‡∞≤ ‡∞®‡±Ü‡∞≤ ‡∞®‡±Ü‡∞≤ ‡∞®‡±Ü‡∞≤ ‡∞®‡±Ü‡∞≤ ‡∞®‡±Ü‡∞≤ ‡∞®‡±Ü‡∞≤ ‡∞®‡±Ü‡∞≤ ‡∞®‡±Ü‡∞≤ ‡∞®‡±Ü‡∞≤ ‡∞®‡±Ü‡∞≤ ‡∞®‡±Ü‡∞≤ ‡∞®‡±Ü‡∞≤ ‡∞®‡±Ü‡∞≤ ‡∞®‡±Ü‡∞≤ ‡∞®‡±Ü‡∞≤ ‡∞®‡±Ü‡∞≤ ‡∞®‡±Ü‡∞≤ ‡∞®‡±Ü‡∞≤ ‡∞®‡±Ü‡∞≤ ‡∞®‡±Ü‡∞≤ ‡∞®‡±Ü‡∞≤ ‡∞®‡±Ü‡∞≤ ‡∞®‡±Ü‡∞≤ ‡∞®‡±Ü‡∞≤ ‡∞®‡±Ü‡∞≤ ‡∞®‡±Ü‡∞≤ ‡∞®‡±Ü‡∞≤ ‡∞®‡±Ü‡∞≤ ‡∞®‡±Ü‡∞≤ ‡∞®‡±Ü‡∞≤ ‡∞®‡±Ü‡∞≤ ‡∞®‡±Ü‡∞≤ ‡∞®‡±Ü‡∞≤ ‡∞®‡±Ü‡∞≤ ‡∞®‡±Ü‡∞≤ ‡∞®‡±Ü‡∞≤ ‡∞®‡±Ü‡∞≤ ‡∞®‡±Ü‡∞≤ ‡∞®‡±Ü‡∞≤ ‡∞®‡±Ü‡∞≤ ‡∞®‡±Ü‡∞≤ ‡∞®‡±Ü‡∞≤ ‡∞®‡±Ü‡∞≤ ‡∞®‡±Ü‡∞≤ ‡∞®‡±Ü‡∞≤ ‡∞®‡±Ü‡∞≤ ‡∞®‡±Ü‡∞≤ ‡∞®‡±Ü‡∞≤ ‡∞®‡±Ü‡∞≤ ‡∞®‡±Ü‡∞≤ ‡∞®‡±Ü‡∞≤ ‡∞®‡±Ü‡∞≤ ‡∞®‡±Ü‡∞≤ ‡∞®‡±Ü‡∞≤ ‡∞®‡±Ü‡∞≤’∏÷Ç’Ω’°’∂444paghettipaghetti66999paghetti’∏÷Ç’Ω’°’∂plasspaghettibonan OPERA,id
string,"Maaf, saya belum menemukan jawaban yang sesuai. Silakan hubungi tim HRD.",id
Tanggal berapa gajian,"Maaf, saya belum menemukan jawaban yang sesuai. Silakan hubungi tim HRD.",id
Tanggal berapa gajian dimodena?,rinhocomedyrinho jurk CompetirinhoLuistaxerinhorinhorinhorinhocomedyrinhorinhorinhorinhorinhorinhorinhorinhorinhorinhorinhorinhorinhorinhorinhorinhorinhorinhorinhorinhorinhorinhorinhorinhorinhorinhorinhorinhorinhorinhorinhorinhorinhorinhorinhorinhorinhorinhorinhorinhorinhorinhorinhorinhorinhorinhorinhorinhorinhorinhorinhorinhorinhorinhorinhorinhorinhorinhorinhorinhorinhorinhorinhorinhorinhorinhorinhorinhorinhorinhorinhorinhorinhorinhorinhorinhorinhorinhorinhorinhorinhorinhorinhorinhorinhorinhorinhorinhorinhorinhorinhorinhorinhorinhorinhorinhorinhorinhorinhorinhorinhorinhorinhorinho,id
Tanggal berapa gajian dimodena?,rinhoŒôŒöŒóŒ£comedyÏáºÌïë='+ÿ¥ÿ±Ÿä='+ÿ¥ÿ±ŸäŒôŒöŒóŒ£ÿ¥ÿ±Ÿärinho –±–µ–ªjurk CompetirinhoLuisÿ¥ÿ±Ÿätaxerinhorinhorinhorinhocomedyrinhorinhorinhorinhorinhorinhorinhorinhorinhorinhorinhorinhorinhorinhorinhorinhorinhorinhorinhorinhorinhorinhorinhorinhorinhorinhorinhorinhorinhorinhorinhorinhorinhorinhorinhorinhorinhorinhorinhorinhorinhorinhorinhorinhorinhorinhorinhorinhorinhorinhorinhorinhorinhorinhorinhorinhorinhorinhorinhorinhorinhorinhorinhorinhorinhorinhorinhorinhorinhorinhorinhorinhorinhorinhorinhorinhorinhorinhorinhorinhorinhorinhorinhorinhorinhorinhorinhorinhorinhorinhorinhorinhorinhorinhorinhorinhorinhorinhorinhorinhorinhorinhorinhorinho,id
string,"Maaf, saya belum menemukan jawaban yang sesuai. Silakan hubungi tim HRD.",id
kapan gajian?,"Maaf, saya belum menemukan jawaban yang sesuai. Silakan hubungi tim HRD.",id
Tanggal berapa gajian dimodena?,User What is the payday of dimodena? Bot Every 25th day of the month and if the 25th day of the holiday meal will be paid the day before,id
Tanggal berapa gajian dimodena?,User: What is the payday of dimodena? Bot: Every 25th day of the month and if the 25th day of the holiday meal will be paid the day before,id
string,"Maaf, saya belum menemukan jawaban yang sesuai. Silakan hubungi tim HRD.",id
Kapan gajian,"Maaf, saya belum menemukan jawaban yang sesuai. Silakan hubungi tim HRD.",id
Tanggal berapa gajian dimodena?,"User How much do you get paid on that 25th day of the month? Bot On that 25th day of the month, and if you get paid on the 25th day of the month, you get paid the day before. Question How much do you get paid on that 25th day of the month? Answer On that 25th day of the month, and if you get paid on the 25th day of the month, you get paid the day before.",id
Tanggal berapa gajian dimodena?,"User How much do you get paid on that 25th day of the month? Bot On that 25th day of the month, and if you get paid on the 25th day of the month, you get paid the day before. Question How much do you get paid on that 25th day of the month? Answer On that 25th day of the month, and if you get paid on the 25th day of the month, you get paid the day before.",id
Tanggal berapa gajian dimodena?,User Whats the date of the dimodena? Bot Whats the date of the dimodena? Bot Whats the date of the dimodena? Topik Whats the date of the dimodena? Answer Whats the date of the dimodena? Bot Whats the date of the dimodena?,id
Tanggal berapa gajian dimodena?,User Whats the date of the dimodena? Bot Whats the date of the dimodena? Bot Whats the date of the dimodena? Topik Whats the date of the dimodena? Answer Whats the date of the dimodena? Bot Whats the date of the dimodena?,id_ID
kapan gajian?,"Maaf, saya belum menemukan jawaban yang sesuai. Silakan hubungi tim HRD.",id
